url,score
https://animaladvocacycareers.org/post/animal-advocacy-careers-in-2024-key-insights-jobs-on-the-rise/,12
https://animaladvocacycareers.org/job/part-time-nutrition-research-writer/,11
https://animaladvocacycareers.org/job/part-time-research-administrative-assistant/,11
https://animaladvocacycareers.org/job_function/research-or-data/,11
https://animaladvocacycareers.org/job/visiting-or-research-professor-aquaculture-law-or-policy/,11
https://animaladvocacycareers.org/job-board/,11
https://animaladvocacycareers.org/job_function/research-or-data/page/2/,11
https://animaladvocacycareers.org/job/research-development-manager/,11
https://animaladvocacycareers.org/job/part-time-research-assistant/,11
https://animaladvocacycareers.org/job/board-member-6/,11
https://animaladvocacycareers.org/job/board-member-7/,11
https://animaladvocacycareers.org/job/general-application-2/,8
https://animaladvocacycareers.org/job/undercover-investigator-uk-2/,8
https://animaladvocacycareers.org/job_type/part-time/page/2/,8
https://animaladvocacycareers.org/job/humane-officer/,8
https://animaladvocacycareers.org/job/photo-video-editor-part-time-contract/,8
https://animaladvocacycareers.org/job/administrative-assistant-2/,8
https://animaladvocacycareers.org/job_type/part-time/,8
https://animaladvocacycareers.org/post/5-exciting-careers-at-the-intersection-of-climate-change-and-animal-advocacy/,6
https://animaladvocacycareers.org/post/https-animaladvocacycareers-org-your-career-as-force-for-good/,6
https://animaladvocacycareers.org/careers/,6
https://animaladvocacycareers.org/post/how-we-drove-199-organic-traffic-growth-to-our-job-board-in-6-months/,6
https://animaladvocacycareers.org/job-board-feedback/,6
https://animaladvocacycareers.org/job-dashboard/,6
https://animaladvocacycareers.org/post/vegan-job-boards/,6
https://animaladvocacycareers.org/why-these-jobs/,6
https://animaladvocacycareers.org/post/are-you-struggling-with-what-ifs-and-cant-focus-on-your-current-job/,3
https://animaladvocacycareers.org/post/your-2024-career-planning-resolutions-should-include-these-5-tips/,3
https://animaladvocacycareers.org/career-path-guides/,3
https://animaladvocacycareers.org/post/career-advice-for-students/,3
https://animaladvocacycareers.org/post-a-job/,3
https://animaladvocacycareers.org/post/animal-advocate-profile-engin-arikan-researcher-and-monitoring-evaluation-manager/,3
https://animaladvocacycareers.org/career-path-guides/management-leadership/,3
https://animaladvocacycareers.org/career-path-guides/animal-product-alternatives/,3
https://animaladvocacycareers.org/career-advising/,3
https://animaladvocacycareers.org/submit-a-role/,3
https://animaladvocacycareers.org/career-path-guides/animal-advocacy-community/,3
https://animaladvocacycareers.org/career-path-guides/campaigns/,3
https://animaladvocacycareers.org/career-adviding-feedback-thank-you/,3
https://animaladvocacycareers.org/career-call-thank-you-signup/,3
https://animaladvocacycareers.org/career-coaching/,3
https://animaladvocacycareers.org/career-call/,3
https://animaladvocacycareers.org/career-coaching-k4g/,3
https://animaladvocacycareers.org/90-day-plan-new-job/,3
https://animaladvocacycareers.org/career-coaching-thank-you/,3
https://animaladvocacycareers.org/career-call-thank-you-followup/,3
https://animaladvocacycareers.org/career-path-guides/fundraising/,3
https://animaladvocacycareers.org/homepage-test/,0
https://animaladvocacycareers.org/post/animal-advocate-profile-liz-wheeler-philanthropy-officer-at-faunalytics/,0
https://animaladvocacycareers.org/partners/,0
https://animaladvocacycareers.org/about/,0
https://animaladvocacycareers.org/cookie-policy-eu/?cmplz_region_redirect=true,0
https://animaladvocacycareers.org/post/working-in-alternative-protein-startups-or-animal-charities/,0
https://animaladvocacycareers.org/sitemap/,0
https://animaladvocacycareers.org/post/alice-di-concetto-profile/,0
https://animaladvocacycareers.org/?post_type=job_listing&p=42118,0
https://animaladvocacycareers.org/post/shreya-padukone-profile/,0
https://animaladvocacycareers.org/cookie-policy-eu/,0
https://animaladvocacycareers.org/?post_type=job_listing&p=41969,0
https://animaladvocacycareers.org/impact/,0
https://animaladvocacycareers.org/talent-survey-2024/,0
https://animaladvocacycareers.org/success-stories/,0
https://animaladvocacycareers.org/post/giving-for-animals-stories-tania-luna/,0
https://animaladvocacycareers.org/animal-volunteer-opportunities/,0
https://animaladvocacycareers.org/post/giving-for-animals-stories-alex/,0
https://animaladvocacycareers.org/post/animal-advocacy-bottleneck-survey-2022/,0
https://animaladvocacycareers.org/privacy-policy/,0
https://animaladvocacycareers.org/post/animal-advocate-profile-dr-faraz-harsini-founder-ceo-at-allied-scholars-for-animal-protection/,0
https://animaladvocacycareers.org/post/edie-bowles-profile/,0
https://animaladvocacycareers.org/?post_type=job_listing&p=42119,0
https://animaladvocacycareers.org/animal-advocacy-partners/,0
https://animaladvocacycareers.org/free-guide/,0
https://animaladvocacycareers.org/post/giving-for-animals-stories-chris-rouse/,0
https://animaladvocacycareers.org/post/aac-2023-annual-report-2024-strategic-plan/,0
https://animaladvocacycareers.org/our-team/,0
https://animaladvocacycareers.org/post/animal-advocate-profile-itziar-garcia-specialist-in-content-creation-at-equalia/,0
https://animaladvocacycareers.org/legal-disclaimer/,0
https://animaladvocacycareers.org/post/giving-for-animals-stories-jeroen-willems/,0
https://animaladvocacycareers.org/post/ana-barreiro/,0
https://animaladvocacycareers.org/post/camille-labchuk-profile/,0
https://animaladvocacycareers.org/post/animal-advocacy-bottleneck-survey-2021/,0
https://animaladvocacycareers.org/,0
https://animaladvocacycareers.org/?post_type=job_listing&p=42091,0
https://animaladvocacycareers.org/wall-of-love/,0
https://animaladvocacycareers.org/giving-for-animals/,0
https://animaladvocacycareers.org/?post_type=job_listing&p=42026,0
https://animaladvocacycareers.org/post/alene-anello-profile/,0
https://animaladvocacycareers.org/post/giving-for-animals-stories-felix-werdermann/,0
https://animaladvocacycareers.org/post/growing-and-expanding-aacs-brand/,0
https://animaladvocacycareers.org/post/online-courses-for-animal-advocates/,0
https://animaladvocacycareers.org/contact-us/,0
https://animaladvocacycareers.org/course/,0
https://animaladvocacycareers.org/vegan-policy/,0
https://animaladvocacycareers.org/content-specialist-application-form/,0
https://animaladvocacycareers.org/free-guide-thank-you/,0
https://animaladvocacycareers.org/post/giving-for-animals-stories-eric-arellano/,0
https://animaladvocacycareers.org/talent-directory-organisations/,0
https://animaladvocacycareers.org/post/giving-for-animals-stories-nithin/,0
https://animaladvocacycareers.org/animal-law-guide-thank-you/,0
https://animaladvocacycareers.org/talent-directory-candidates/,0
https://animaladvocacycareers.org/post/animal-advocate-profile-amy-odene-managing-director-at-user-friendly/,0
https://animaladvocacycareers.org/impact-quiz/,0
https://animaladvocacycareers.org/general-links/,0
https://animaladvocacycareers.org/post/animal-advocate-profile-brooke-haggerty-executive-director-at-faunalytics/,0
https://animaladvocacycareers.org/blog/,0
https://animaladvocacycareers.org/90-day-plan-form/,0
https://animaladvocacycareers.org/post/taylor-waters-profile/,0
https://animaladvocacycareers.org,0
https://animaladvocacycareers.org/get-involved/,0
https://animaladvocacycareers.org/donations-calculator/,0
https://animaladvocacycareers.org/why-we-exist/,0
https://animaladvocacycareers.org/post/fundraising-work-placement/,0
https://animaladvocacycareers.org/post/animal-advocacy-bottleneck-survey-2020/,0
https://animaladvocacycareers.org/?post_type=job_listing&p=41964,0
https://animaladvocacycareers.org/policy-guide-thank-you/,0
https://animaladvocacycareers.org/year-in-review-2022/,0
https://animaladvocacycareers.org/animal-welfare-quiz/,0
https://animaladvocacycareers.org/policy-guide/,0
https://animaladvocacycareers.org/post/animal-advocate-profile-mona-oliver-campaign-director-at-animals-aotearoa/,0
https://animaladvocacycareers.org/?post_type=job_listing&p=42120,0
https://animaladvocacycareers.org/course-cohort-thank-you/,0
https://animaladvocacycareers.org/post/successful-candidates/,0
https://animaladvocacycareers.org/post/animals-in-lmics/,0
https://animaladvocacycareers.org/post/marketing-yourself/,0
https://animaladvocacycareers.org/course-cohort-july-2025/,0
https://animaladvocacycareers.org/post/2024-review/,0
https://animaladvocacycareers.org/post/guide-to-writing-resume/,0
https://animaladvocacycareers.org/post/giving-for-animals-stories-kevin/,0
https://animaladvocacycareers.org/gfa-course/,0
https://animaladvocacycareers.org/post/sabina-bravo-profile/,0
https://animaladvocacycareers.org/post/animal-advocate-profile-haven-king-nobles-executive-director-at-fish-welfare-initiative/,0
https://animaladvocacycareers.org/post/best-animal-charities-donate/,0
https://animaladvocacycareers.org/course/thank-you/,0
https://animaladvocacycareers.org/key-ideas/adjacent-sectors/,0
https://animaladvocacycareers.org/donate/,0
https://animaladvocacycareers.org/animal-law-guide/,0
https://animaladvocacycareers.org/post/giving-for-animals-stories-david-funosas/,0
https://animaladvocacycareers.org/post/rejection-101-how-to-bounce-back-better/,0
